{
  "GALAXY": {
    "obj_id": "1237665025448542720",
    "alpha": 203.2436401621,
    "delta": 34.0241888418139,
    "u": 21.9957,
    "g": 22.39722,
    "r": 20.58055,
    "i": 19.29098,
    "z": 18.63217,
    "redshift": 0.6398644,
    "expected_class": "GALAXY",
    "expected_confidence": 0.99
  },
  "STAR": {
    "obj_id": "1237661386530685184",
    "alpha": 211.609063198364,
    "delta": 53.9160646203902,
    "u": 22.2423,
    "g": 20.29867,
    "r": 19.39464,
    "i": 19.01638,
    "z": 18.72779,
    "redshift": 0.0002532396,
    "expected_class": "STAR",
    "expected_confidence": 0.99
  },
  "QSO": {
    "obj_id": "1237654604252184832",
    "alpha": 160.515344624177,
    "delta": 3.55834150438432,
    "u": 19.50215,
    "g": 19.22638,
    "r": 19.06808,
    "i": 19.09447,
    "z": 18.99271,
    "redshift": 0.8219692,
    "expected_class": "QSO",
    "expected_confidence": 0.99
  }
}