{
  "alpha": {
    "min": 0.0055278279239701,
    "max": 359.999809770956,
    "mean": 177.6441285670057,
    "std": 96.51454566345605
  },
  "delta": {
    "min": -17.6361983187968,
    "max": 83.00051858898,
    "mean": 24.138114119796818,
    "std": 19.644337940158135
  },
  "u": {
    "min": 10.99623,
    "max": 32.78139,
    "mean": 22.07455891848648,
    "std": 2.2508415620501094
  },
  "g": {
    "min": 10.4982,
    "max": 31.60224,
    "mean": 20.629153992174903,
    "std": 2.039262049896657
  },
  "r": {
    "min": 9.82207,
    "max": 29.57186,
    "mean": 19.644237593469917,
    "std": 1.8556030671358361
  },
  "i": {
    "min": 9.469903,
    "max": 32.14147,
    "mean": 19.083985856235703,
    "std": 1.7585561789212125
  },
  "z": {
    "min": 9.612333,
    "max": 29.38374,
    "mean": 18.76838111130139,
    "std": 1.7674782212468663
  },
  "redshift": {
    "min": -0.009970667,
    "max": 7.011245,
    "mean": 0.5763488058861358,
    "std": 0.7301231478691914
  }
}